image_name,xmin,xmax,ymin,ymax,class_id
OKS0078.jpg,521,723,675,740,10
JSQ1413.jpg,553,832,806,896,10
NZF7823.jpg,511,726,690,759,10
NZF0384.jpg,546,773,729,802,10
PJI5921.jpg,553,798,582,661,10
OLE5095.jpg,485,741,474,557,10
JPQ9870.jpg,571,891,623,727,10
AYO9034.jpg,528,690,412,464,10
PUT6858.jpg,247,436,475,536,10
JIT7463.jpg,215,365,502,550,10
NZM5430.jpg,446,812,680,798,10
PXP8172.jpg,576,816,876,954,10
NZW2197.jpg,485,830,844,956,10
NYI3834.jpg,518,846,892,998,10
OUQ6314.jpg,495,709,498,567,10
PJB2414.jpg,419,787,308,427,10
JST2699.jpg,376,839,771,921,10
OZG3580.jpg,459,891,566,706,10
ODJ1599.jpg,562,904,534,645,10
OKL1235.jpg,507,696,446,507,10
OVA1319.jpg,430,686,653,736,10
JQS5683.jpg,512,693,537,595,10
OKP7250.jpg,499,815,921,1023,10
NYZ0897.jpg,527,692,383,436,10
JSC7486.jpg,422,716,624,719,10
OZU5764.jpg,431,769,341,450,10
OUZ2198.jpg,480,711,453,528,10
OZK4620.jpg,830,1201,593,713,10
ODC9387.jpg,602,829,709,782,10
PJU2207.jpg,422,819,914,1043,10
NZO6276.jpg,458,717,703,787,10
PJV9741.jpg,495,840,587,699,10
OUW5216.jpg,535,771,478,554,10
JIY4434.jpg,687,905,351,421,10
PWF3266.jpg,437,732,748,843,10
NYY1710.jpg,516,759,437,515,10
OUP1442.jpg,622,833,717,785,10
PJU2853.jpg,434,713,721,811,10
OZK6717.jpg,453,718,577,663,10
NZJ6581.jpg,514,775,769,853,10
NTK5785.jpg,521,766,679,758,10
PJF4224.jpg,634,897,805,890,10
NTH0518.jpg,395,838,697,840,10
OZS6477.jpg,442,689,781,861,10
PJJ1406.jpg,489,723,594,670,10
PJJ4955.jpg,397,709,678,779,10
JQV5526.jpg,369,642,721,809,10
PJH0957.jpg,483,715,601,676,10
NYM7544.jpg,367,648,799,890,10
OKT3896.jpg,466,707,697,775,10
OKV8004.jpg,461,743,805,896,10
PJB7392.jpg,424,612,654,715,10
PJY5472.jpg,570,836,799,885,10
GWT2180.jpg,529,756,308,381,10
PJX5721.jpg,496,726,482,556,10
PJT4884.jpg,523,755,689,764,10
OVK3653.jpg,484,850,360,478,10
JSK5419.jpg,495,839,613,724,10
OUH9191.jpg,520,742,433,505,10
OLC4728.jpg,517,784,412,498,10
OUG6157.jpg,614,831,551,621,10
PJD2685.jpg,218,479,624,708,10
PYB6477.jpg,843,1132,797,890,10
OZV6697.jpg,429,720,424,518,10
PJI5396.jpg,450,788,747,856,10
MTW5608.jpg,438,776,577,686,10
JRD2238.jpg,416,569,597,646,10
NZP8292.jpg,559,865,637,736,10
OCX4764.jpg,424,681,702,785,10
NTD9247.jpg,677,905,721,795,10
PJT2905.jpg,-1,269,574,661,10
NZU2673.jpg,501,776,816,905,10
PJK4867.jpg,741,1091,643,756,10
JRV1942.jpg,561,824,621,706,10
OKM2371.jpg,367,608,927,1005,10
OZU2104.jpg,445,779,669,777,10
OLA1208.jpg,436,720,493,585,10
PJI7589.jpg,385,649,688,773,10
JSG9648.jpg,571,798,570,643,10
PJP2783.jpg,439,818,817,940,10
JOG9221.jpg,522,779,572,655,10
OKK7448.jpg,535,789,811,893,10
PJG0783.jpg,102,428,520,625,10
OKL0817.jpg,478,726,414,494,10
PJP8208.jpg,176,446,489,576,10
PAG5219.png,528,756,568,642,10
OZR2224.jpg,492,844,918,1032,10
NTV0498.jpg,622,861,658,735,10
AZJ6991.jpg,560,796,642,718,10
JRK5336.jpg,369,567,656,720,10
OZL2318.jpg,592,891,800,897,10
HPM9362.jpg,584,843,673,757,10
OUM7311.jpg,512,719,477,544,10
OYJ9557.jpg,493,726,640,715,10
PWC0633.jpg,449,693,622,701,10
OUN4297.jpg,519,767,434,514,10
NYL3614.jpg,449,711,664,749,10
OZC8400.jpg,475,850,646,767,10
MYX3152.jpg,366,697,767,874,10
FZB9581.jpg,967,1225,493,576,10
NTO1053.jpg,560,851,552,646,10
OLC7676.jpg,524,767,412,490,10
PVX0095.jpg,34,494,115,264,10
OUP9563.jpg,502,757,617,699,10
MXQ1601.jpg,475,814,891,1001,10
PJC4903.jpg,540,829,750,843,10
PJY8509.jpg,497,730,745,820,10
OLB4809.jpg,527,717,421,482,10
PJF5797.jpg,530,765,642,718,10
OEL1145.jpg,231,543,668,769,10
JSP7678.jpg,417,778,485,602,10
JGZ3298.jpg,215,1022,340,602,10
OKM0944.jpg,300,526,595,668,10
OZP8126.jpg,530,824,733,828,10
test_065.jpg,123,231,139,163,10
test_073.jpg,115,233,164,191,10
test_078.jpg,119,262,272,305,10
test_017.jpg,136,250,236,262,10
test_094.jpg,171,300,266,295,10
test_020.jpg,177,304,219,248,10
test_061.jpg,180,278,90,112,10
test_063.jpg,96,201,163,187,10
test_088.jpg,181,305,285,313,10
test_031.jpg,188,295,170,194,10
test_048.jpg,126,247,196,223,10
test_047.jpg,192,303,250,275,10
test_067.jpg,153,268,224,250,10
eu7.jpg,848,1191,954,1033,10
test_090.jpg,164,310,240,273,10
test_018.jpg,128,213,162,181,10
eu2.jpg,141,280,259,291,10
test_036.jpg,186,260,205,222,10
test_006.jpg,206,355,271,305,10
test_086.jpg,134,249,141,167,10
test_028.jpg,165,293,158,187,10
test_057.jpg,147,249,222,245,10
test_021.jpg,153,285,234,264,10
test_052.jpg,98,169,128,144,10
test_055.jpg,123,213,152,172,10
test_085.jpg,309,425,228,254,10
eu11.jpg,92,214,201,229,10
test_044.jpg,239,329,167,187,10
test_051.jpg,102,200,230,252,10
test_003.jpg,181,351,159,198,10
test_082.jpg,185,299,246,272,10
test_007.jpg,160,308,179,213,10
test_032.jpg,192,315,168,196,10
eu10.jpg,238,316,314,332,10
test_005.jpg,225,355,250,280,10
test_042.jpg,233,336,130,153,10
test_077.jpg,177,288,227,252,10
test_010.jpg,113,250,179,210,10
test_072.jpg,103,198,139,160,10
test_041.jpg,145,254,232,257,10
test_074.jpg,160,264,211,235,10
test_050.jpg,190,319,193,222,10
test_092.jpg,174,315,254,286,10
test_087.jpg,197,304,238,262,10
test_025.jpg,154,285,208,238,10
test_097.jpg,113,214,256,279,10
test_023.jpg,171,282,289,314,10
test_059.jpg,162,262,155,178,10
test_001.jpg,188,295,209,233,10
test_075.jpg,113,201,180,200,10
test_049.jpg,236,349,177,203,10
test_019.jpg,214,341,224,253,10
test_024.jpg,132,242,235,260,10
test_015.jpg,225,347,206,234,10
test_076.jpg,91,189,147,169,10
eu5.jpg,229,412,474,516,10
test_053.jpg,238,330,183,204,10
eu8.jpg,317,620,540,609,10
test_008.jpg,165,289,282,310,10
test_080.jpg,161,278,200,227,10
test_038.jpg,188,320,210,240,10
test_096.jpg,67,163,231,253,10
test_091.jpg,155,298,205,238,10
test_014.jpg,218,327,140,165,10
test_033.jpg,160,288,136,165,10
eu1.jpg,396,599,340,386,10
test_009.jpg,213,314,214,237,10
test_043.jpg,128,215,156,176,10
test_035.jpg,223,318,184,205,10
test_060.jpg,254,342,109,129,10
test_046.jpg,212,354,144,176,10
test_027.jpg,311,469,206,242,10
test_095.jpg,195,317,172,200,10
test_012.jpg,249,374,258,286,10
test_030.jpg,178,315,181,212,10
test_081.jpg,177,294,173,200,10
test_056.jpg,165,238,166,182,10
test_062.jpg,229,312,177,196,10
test_045.jpg,266,368,238,261,10
test_034.jpg,257,345,233,253,10
test_039.jpg,239,309,158,174,10
test_070.jpg,121,225,131,155,10
test_004.jpg,234,368,181,211,10
test_022.jpg,186,308,262,290,10
test_029.jpg,273,381,181,205,10
test_069.jpg,127,234,149,173,10
test_079.jpg,153,262,187,212,10
test_068.jpg,160,275,177,203,10
test_093.jpg,129,250,179,206,10
test_071.jpg,113,210,119,141,10
test_089.jpg,238,391,311,346,10
test_037.jpg,313,409,225,247,10
eu3.jpg,348,439,185,206,10
test_011.jpg,230,346,206,232,10
eu9.jpg,391,522,202,232,10
test_058.jpg,216,316,167,190,10
test_064.jpg,158,268,143,168,10
test_083.jpg,327,431,202,226,10
test_013.jpg,131,246,147,173,10
test_016.jpg,132,254,172,200,10
test_026.jpg,70,183,254,280,10
eu4.jpg,104,609,210,326,10
eu6.jpg,295,391,221,243,10
test_066.jpg,135,248,164,190,10
test_084.jpg,277,373,239,261,10
test_040.jpg,305,416,267,292,10
test_054.jpg,79,158,181,199,10
test_002.jpg,213,337,200,228,10
wts-lg-000010.jpg,464,579,440,497,10
car13.jpg,692,948,470,598,10
wts-lg-000047.jpg,573,629,238,266,10
wts-lg-000146.jpg,783,860,201,239,10
wts-lg-000197.jpg,703,776,10,46,10
wts-lg-000168.jpg,317,480,521,602,10
wts-lg-000177.jpg,422,521,430,479,10
car15.jpg,137,258,184,244,10
wts-lg-000129.jpg,975,1118,408,479,10
wts-lg-000150.jpg,495,584,309,353,10
wts-lg-000100.jpg,252,347,517,564,10
wts-lg-000186.jpg,52,145,284,330,10
wts-lg-000087.jpg,692,790,583,632,10
wts-lg-000043.jpg,682,772,433,478,10
wts-lg-000049.jpg,646,720,326,363,10
f0a3b8c0-198a-471b-9ca9-345c3dd28073.jpg,270,337,291,324,10
wts-lg-000011.jpg,212,326,192,249,10
us10.jpg,261,512,291,416,10
us3.jpg,210,302,207,253,10
wts-lg-000089.jpg,443,493,321,346,10
wts-lg-000145.jpg,654,735,270,310,10
wts-lg-000055.jpg,296,395,539,588,10
wts-lg-000155.jpg,795,924,291,355,10
4be2025c-09f7-4bb0-b1bd-8e8633e6dec1.jpg,356,417,330,360,10
car3.jpg,395,516,535,595,10
e73fd200-7ba4-4725-9d1d-2ec710864df6.jpg,1642,1777,417,484,10
wts-lg-000024.jpg,645,762,93,151,10
wts-lg-000183.jpg,904,981,100,138,10
wts-lg-000163.jpg,731,834,90,141,10
wts-lg-000069.jpg,748,829,592,632,10
wts-lg-000039.jpg,205,268,316,347,10
wts-lg-000073.jpg,1010,1104,337,384,10
wts-lg-000062.jpg,662,744,520,561,10
wts-lg-000022.jpg,545,612,243,276,10
wts-lg-000076.jpg,421,524,263,314,10
wts-lg-000131.jpg,687,769,239,280,10
wts-lg-000178.jpg,636,715,188,227,10
wts-lg-000032.jpg,225,305,337,377,10
wts-lg-000067.jpg,258,321,239,270,10
us6.jpg,383,599,568,676,10
wts-lg-000021.jpg,551,623,289,325,10
wts-lg-000012.jpg,571,691,283,343,10
wts-lg-000189.jpg,935,1011,181,219,10
33fa5185-0286-4e8f-b775-46162eba39d4.jpg,666,724,125,154,10
wts-lg-000080.jpg,393,504,270,325,10
wts-lg-000167.jpg,474,569,451,498,10
wts-lg-000056.jpg,464,554,452,497,10
wts-lg-000097.jpg,617,707,553,598,10
car12.jpg,337,491,576,653,10
car5.jpg,260,347,248,291,10
car9-1.jpg,642,829,461,554,10
wts-lg-000132.jpg,785,865,131,171,10
wts-lg-000159.jpg,482,587,303,355,10
wts-lg-000138.jpg,874,991,349,407,10
wts-lg-000078.jpg,544,636,376,422,10
wts-lg-000090.jpg,219,310,191,236,10
car19.jpg,255,550,216,363,10
wts-lg-000175.jpg,610,751,395,465,10
wts-lg-000172.jpg,546,629,363,404,10
wts-lg-000170.jpg,457,548,347,392,10
wts-lg-000083.jpg,630,712,634,675,10
wts-lg-000018.jpg,315,407,328,374,10
wts-lg-000037.jpg,559,625,438,471,10
wts-lg-000058.jpg,709,761,193,219,10
wts-lg-000065.jpg,268,378,408,463,10
wts-lg-000025.jpg,955,1030,387,424,10
car1.jpg,243,358,356,413,10
f8fc5e59-9083-466b-ae3f-6b869a0b257b.jpg,1058,1122,159,191,10
wts-lg-000199.jpg,243,321,170,209,10
car18.jpg,80,158,189,228,10
car9-7.jpg,96,233,500,568,10
wts-lg-000060.jpg,335,448,294,350,10
wts-lg-000126.jpg,778,849,1,36,10
wts-lg-000030.jpg,478,549,411,446,10
wts-lg-000195.jpg,624,710,367,410,10
37170dd1-2802-4e38-b982-c5d07c64ff67.jpg,468,534,317,350,10
wts-lg-000143.jpg,386,475,319,363,10
wts-lg-000134.jpg,629,719,278,323,10
3850ba91-3c64-4c64-acba-0c46b61ec0da.jpg,326,383,128,156,10
21d8c31d-3deb-494b-9c63-c0223306fd82.jpg,698,756,85,114,10
wts-lg-000122.jpg,669,755,225,268,10
wts-lg-000148.jpg,293,382,325,369,10
wts-lg-000190.jpg,379,478,429,478,10
wts-lg-000188.jpg,359,444,182,224,10
wts-lg-000063.jpg,253,334,412,452,10
us2.jpg,305,417,232,288,10
wts-lg-000176.jpg,844,989,395,467,10
car20.jpg,83,159,363,401,10
car9-5.jpg,473,605,425,491,10
wts-lg-000064.jpg,442,538,424,472,10
wts-lg-000121.jpg,880,956,92,130,10
car21.jpg,288,351,334,365,10
wts-lg-000044.jpg,337,411,548,585,10
wts-lg-000068.jpg,566,625,452,481,10
wts-lg-000041.jpg,286,378,383,429,10
7fbfbe28-aecb-45be-bd05-7cf26acb3c5c.jpg,448,509,273,303,10
wts-lg-000033.jpg,629,711,341,382,10
wts-lg-000046.jpg,473,549,164,202,10
wts-lg-000094.jpg,443,546,383,434,10
5b562a61-34ad-4f00-9164-d34abb7a38e4.jpg,523,580,305,333,10
wts-lg-000193.jpg,495,639,424,496,10
car14.jpg,76,189,306,362,10
wts-lg-000016.jpg,516,626,310,365,10
1e241dc8-8f18-4955-8988-03a0ab49f813.jpg,569,632,318,349,10
wts-lg-000088.jpg,486,541,207,234,10
wts-lg-000194.jpg,859,942,8,49,10
us1.jpg,501,660,335,414,10
wts-lg-000196.jpg,672,808,433,501,10
wts-lg-000137.jpg,659,799,322,392,10
wts-lg-000026.jpg,430,525,109,156,10
wts-lg-000057.jpg,385,493,195,249,10
wts-lg-000173.jpg,651,734,234,275,10
wts-lg-000101.jpg,1059,1154,378,425,10
wts-lg-000139.jpg,803,876,100,136,10
wts-lg-000117.jpg,713,811,498,547,10
car9.jpg,1029,1148,490,549,10
wts-lg-000098.jpg,869,955,412,455,10
wts-lg-000166.jpg,501,577,109,147,10
wts-lg-000164.jpg,843,979,310,378,10
wts-lg-000040.jpg,348,436,207,251,10
wts-lg-000102.jpg,658,735,494,532,10
wts-lg-000130.jpg,620,705,272,314,10
wts-lg-000141.jpg,428,511,184,225,10
car9-0.jpg,741,886,482,554,10
wts-lg-000191.jpg,758,896,457,526,10
wts-lg-000082.jpg,156,241,224,266,10
wts-lg-000075.jpg,800,895,401,448,10
wts-lg-000017.jpg,505,641,403,471,10
wts-lg-000118.jpg,827,908,208,248,10
car16.jpg,350,437,360,403,10
wts-lg-000072.jpg,940,999,506,535,10
car7.jpg,546,740,323,420,10
wts-lg-000187.jpg,463,550,220,263,10
wts-lg-000084.jpg,435,533,416,465,10
car11.jpg,99,181,336,377,10
wts-lg-000029.jpg,509,585,253,291,10
wts-lg-000048.jpg,488,562,593,630,10
wts-lg-000050.jpg,561,628,584,617,10
wts-lg-000144.jpg,660,800,323,393,10
wts-lg-000169.jpg,610,700,340,385,10
wts-lg-000152.jpg,717,797,163,203,10
car9-4.jpg,625,736,497,552,10
car6.jpg,285,366,124,164,10
wts-lg-000158.jpg,790,928,319,388,10
wts-lg-000042.jpg,35,107,463,499,10
us4.jpg,65,221,54,132,10
wts-lg-000052.jpg,482,550,498,532,10
wts-lg-000160.jpg,455,543,316,360,10
12c6cb72-3ea3-49e7-b381-e0cdfc5e8960.jpg,911,973,136,167,10
wts-lg-000095.jpg,513,586,305,341,10
wts-lg-000077.jpg,512,619,362,415,10
car9-9.jpg,411,502,493,538,10
wts-lg-000125.jpg,703,782,250,289,10
wts-lg-000014.jpg,552,642,172,217,10
wts-lg-000023.jpg,880,971,151,196,10
316b64c0-55bf-4079-a1c0-d93f461a576f.jpg,80,259,811,900,10
wts-lg-000136.jpg,730,870,332,402,10
wts-lg-000140.jpg,716,801,205,247,10
wts-lg-000035.jpg,218,276,366,395,10
wts-lg-000133.jpg,611,695,238,280,10
22e54a62-57a8-4a0a-88c1-4b9758f67651.jpg,428,486,207,236,10
wts-lg-000142.jpg,260,357,436,484,10
cfaa9dd2-a388-4e92-bb3a-ae65c28d8139.jpg,341,393,253,279,10
wts-lg-000127.jpg,669,753,207,249,10
wts-lg-000096.jpg,237,317,238,278,10
wts-lg-000192.jpg,573,657,300,342,10
wts-lg-000113.jpg,469,583,351,408,10
us8.jpg,310,639,273,437,10
wts-lg-000071.jpg,337,397,536,566,10
car9-2.jpg,748,844,390,438,10
wts-lg-000128.jpg,697,780,275,316,10
wts-lg-000106.jpg,322,394,296,332,10
wts-lg-000034.jpg,1047,1108,316,346,10
wts-lg-000162.jpg,761,902,347,417,10
wts-lg-000051.jpg,756,854,505,554,10
wts-lg-000079.jpg,1180,1275,8,55,10
c9368c55-210d-456c-a5ef-c310e60039ec.jpg,788,848,124,154,10
wts-lg-000066.jpg,653,750,637,685,10
wts-lg-000174.jpg,442,533,281,326,10
wts-lg-000115.jpg,280,417,557,625,10
0b86cecf-67d1-4fc0-87c9-b36b0ee228bb.jpg,935,1034,362,411,10
wts-lg-000013.jpg,558,677,555,614,10
wts-lg-000045.jpg,273,352,318,357,10
wts-lg-000161.jpg,507,608,422,472,10
wts-lg-000157.jpg,594,679,294,336,10
car2.jpg,209,295,626,669,10
wts-lg-000149.jpg,602,688,247,290,10
wts-lg-000038.jpg,215,289,479,516,10
wts-lg-000123.jpg,638,724,293,336,10
a03ced3f-5a97-4e75-8106-fabfd2b8b76e.jpg,891,951,73,103,10
wts-lg-000059.jpg,136,230,431,478,10
wts-lg-000020.jpg,372,508,178,246,10
wts-lg-000027.jpg,887,1021,205,272,10
wts-lg-000053.jpg,598,665,453,486,10
wts-lg-000085.jpg,532,612,507,547,10
wts-lg-000156.jpg,766,846,248,288,10
wts-lg-000061.jpg,307,380,155,191,10
wts-lg-000091.jpg,604,668,124,156,10
wts-lg-000119.jpg,674,757,204,245,10
wts-lg-000181.jpg,606,723,417,475,10
wts-lg-000120.jpg,482,568,292,335,10
car22.jpg,485,540,370,397,10
wts-lg-000135.jpg,477,611,422,489,10
wts-lg-000031.jpg,653,748,437,484,10
wts-lg-000124.jpg,811,890,143,182,10
wts-lg-000099.jpg,327,410,284,325,10
wts-lg-000074.jpg,914,1034,314,374,10
us5.jpg,841,1068,666,779,10
wts-lg-000171.jpg,690,825,248,315,10
wts-lg-000165.jpg,842,983,282,352,10
car8.jpg,145,213,326,360,10
us7.jpg,344,637,210,356,10
wts-lg-000147.jpg,731,804,123,159,10
wts-lg-000036.jpg,621,684,313,344,10
wts-lg-000070.jpg,627,737,496,551,10
car17.jpg,25,93,174,208,10
wts-lg-000179.jpg,638,715,162,200,10
wts-lg-000154.jpg,246,341,305,352,10
wts-lg-000151.jpg,526,605,97,136,10
d4f79480-366a-40b6-ab2c-328bcba705b2.jpg,478,549,336,371,10
wts-lg-000086.jpg,186,285,219,268,10
wts-lg-000028.jpg,355,504,427,501,10
77d1f81a-bee6-487c-aff2-0efa31a9925c____bd7f7862-d727-11e7-ad30-e18a56154311.jpg,582,700,274,321,10
4eb236a3-6547-4103-b46f-3756d21128a9___06-Sanjay-Dutt.jpg,80,288,382,449,10
84969111-2ec3-4914-b3bb-da5aaac701e7___1.jpg,41,115,219,260,10
52b45060-9645-47c7-882d-b69a5bf07eff___1006372d1351343820-my-new-maruti-swift-zxi-21102012241.jpg,217,359,313,359,10
5d08ee4a-d8e7-4fda-8959-21f263f62c25___100923d1368191518-custom-number-plates-embossedplates1.jpg,209,866,220,554,10
18d2b870-7817-46da-a59a-6406c1b472c9___103.jpg,106,261,280,335,10
8b9e7112-9149-48fb-b8e8-c3e89cce5af0___1074650_10201043987997310_227646612_o.jpg,227,444,241,315,10
be483d11-33f0-4c1f-87b6-9844eea28996___1093346d1370435964-take-look-number-plate-photo.jpg,267,396,248,320,10
ab573806-1da7-4ccf-93c8-6082e0cc15c3___1107433d1373284570-my-modded-skoda-rapid-now-166-bhp-351-nm-119-whp-per-tonne-hdr_00005_normal.jpg,644,892,507,578,10
dfedf2ad-6596-48d4-a7f6-171e55c8f637___1160575d1383218860-high-security-registration-plates-hsrp-india-wp_20131030_16_01_22_pro.jpg,674,957,364,572,10
8edca6de-d964-4027-823d-f70d3f872412___12042943_1003224833031653_9073848483429898813_n.jpg,200,422,138,219,10
f265077a-611f-4a18-abe5-46518b1756e6___1232700-take-look-number-plate-uploadfromtaptalk1398055489406.jpg,348,499,378,437,10
11186c4c-5f17-49b1-af37-a138a1e53794___12837944763_e7c6c6381a_z.jpg,215,437,186,238,10
8187c22d-5fa4-4976-9c00-80b2ab66b97d___1290890d1411349145-take-look-number-plate-img_20140903_093600_hdr.jpg,99,244,222,336,10
931dfd5a-3d1f-4a08-9234-0453545e27ea___1297127d1412798792-maruti-ciaz-official-review-imag0627.jpg,151,360,103,186,10
8625b831-13a1-4b7d-9466-826cd6d36c67___1304650d1414861991-number-plates-merchandise-canvas-ink-gurgaon-edit-closed-10471269_1537317779842156_5063668061078329632_n.jpg,274,517,343,431,10
3d7cd880-ea4b-4d63-9706-bea1df54af20___135712d1400874352-skoda-rapid-1-6tdi-cr-mt-elegance-ultima-candy-white-white-monster-1911216_676392609084007_1524722860_o.jpg,292,489,258,320,10
9cad4b47-6c7b-4e30-ab55-b7fa040beb56___135717d1400912281-skoda-rapid-1-6tdi-cr-mt-elegance-ultima-candy-white-white-monster-_mg_2993comp.jpg,59,187,216,280,10
ae0bb069-0e7e-412a-9473-e8e0d4041cbc___135718d1400912281-skoda-rapid-1-6tdi-cr-mt-elegance-ultima-candy-white-white-monster-_mg_3000comp.jpg,334,433,191,234,10
7c8229d7-7e37-41a6-9262-d5da278c8d8e___139379d1243147524-ok-have-dealers-name-number-plate-1.jpg,262,742,190,393,10
3c0a3772-d18d-4ff7-861c-7e50b7974edb___1393874-take-look-number-plate-imageuploadedbyteambhp1437414250.447892.jpg,148,355,178,275,10
319f51dc-9db2-4977-a43d-09561cdd54ab___1415806d1442489743t-raging-red-rover-r3-my-mahindra-scorpio-s10-4x4-nudge-guard.jpg,273,511,3,66,10
7f768bfc-4c86-4fff-932d-c9871a82dce5___1431955d1446017445-number-plates-merchandise-canvas-ink-gurgaon-edit-closed-thumb_img_4422_1024.jpg,250,487,506,584,10
422aaf6f-dd4a-450f-ac6b-65966ab512d0___1431956d1446017445-number-plates-merchandise-canvas-ink-gurgaon-edit-closed-thumb_img_4418_1024.jpg,288,572,423,496,10
d88b7b9c-a4f4-4af6-af3d-b3017e114e0d___146292-maruti-suzuki-wagon-r-stingray-vxi-ownership-review-dsc_01691.jpg,162,431,198,278,10
6578ae52-8431-4854-ba24-756888891756___1496414894_2017-maruti-suzuki-ciaz.jpg,283,433,178,221,10
6e772b68-a549-44e5-950e-4c376454c4e9___1557295d1474517501-toyota-innova-crysta-official-review-20160921_173216.jpg,183,457,219,320,10
b78553c7-977e-49a2-b3d2-42825d83c8b0___1557297d1474517501-toyota-innova-crysta-official-review-20160920_191445.jpg,49,247,185,294,10
9d4ee451-51fb-4cf8-b41b-4637b02633cc___1570766d1477459055-your-favourite-number-plate-font-1.jpg,296,2422,123,614,10
0bf830ac-5659-434d-91b0-eb24dbdbc850___1570767d1477464646-your-favourite-number-plate-font-2.jpg,121,1495,43,337,10
a2f87691-b9f5-4274-ac5a-8764e9ba282c___1571669d1477648169-your-favourite-number-plate-font-13.jpg,284,1442,176,685,10
8dbb3ea7-8512-49e4-9ede-d4647e3b7dd2___158712081_5_1000x700_toyota-innova-v-2010-7seat-life-tax-kerala_rev001.jpg,450,568,277,356,10
b5b41a4b-8913-4af6-9419-ac6398d266b0___161893107_2_1000x700_innava-with-fancy-number-upload-photos.jpg,113,281,238,314,10
2153dfcb-5968-4bfc-86ba-7ee8ec2d25b1___163231d1425035435-skoda-rapid-tdi-remapped-code-6-tuning-ind-front.jpg,46,262,349,417,10
6254bb73-d8a1-4f04-89a9-92caef98e233___1658240d1500548920-close-look-2017-skoda-octavia-facelift-hands-free-parking-front-bumper.jpg,1185,2486,967,1355,10
7506a48d-2c70-4b12-b300-463754bc7837___165979d1427773878-new-volkswagen-vento-2016-launched-india-vw-vento-facelift-rear-india-spotted-test.jpg,315,544,263,322,10
1fbaa27e-1ca4-463b-84b4-9ea91b82f27e___166073d1427874044-mahindra-scorpio-2015-review-pictures-scorpio-sting-body-colour-aplique.jpg,97,195,99,139,10
b266759c-f9e9-47c1-9042-4c7aef7d441d___1711769d1514801394t-toyota-innova-crysta-2-4-gx-ownership-review-edit-10-000-km-service-done-vs.jpg,122,192,108,170,10
8d491254-3c69-4f90-91dd-4eb86c7824c1___184786d1447444308-new-generation-mahindra-scorpio-s10-buying-ownership-review-wp_20151113_003.jpg,794,912,485,524,10
4be1ff39-b2ad-45e0-9c9a-0e7215cbb5b6___2.jpg,8,299,81,168,10
12e26859-89e0-4c9b-9c59-ee793337464f___20.jpg,155,315,183,257,10
55aa4ee8-13fd-45bd-b83b-651ac665d71a___200560387_4_1000x700_2012-toyota-innova-diesel-130000-kms-cars.jpg,155,339,226,298,10
31847e78-6696-4dc2-be08-cb37d512c576___2010_Maruti_WagonR_Review.jpg,26,164,262,329,10
631031c0-98c5-4a8f-959e-ddf3c81cd6ae___20131127_145021.jpg,26,485,16,255,10
dd58e02d-51a5-4bfd-87af-ff51c576086e___2014-mahindra-scorpio-suv-10.jpg,596,887,463,530,10
a1928183-9ebe-40f0-9a84-500aecc61474___2014-Skoda-Superb-facelift-spied-in-India.jpg,407,534,169,214,10
03273806-bb1e-48da-8c8b-a0133a90197a___2014-Skoda-Yeti-Test-Drive.jpg,181,379,279,351,10
5b49ae32-c799-45e3-b139-9c56acf6370d___2014-Volkswagen-Polo-Review.jpg,397,598,421,483,10
93b6319a-5886-48d8-8a69-07d586751553___2014-VW-Polo-facelift-first-drive-rear-number-plate.jpg,312,1125,291,530,10
e54fb93b-020f-4c55-b4db-86e17ba9b9e0___2014-VW-Polo-facelift-rear-spotted-testing-in-Pune-India.jpg,114,207,196,241,10
c06d4d42-591f-429e-92b4-20e701f89c14___2014-VW-Polo-facelift-spied-India-rear.jpg,442,666,706,789,10
0b24d6ed-d32f-420d-bc18-03deece29073___2015-Maruti-Ciaz-Test-Drive-Review.jpg,371,499,202,261,10
e4907f73-1fbc-412c-a766-9c81bb31449c___2016-Chevrolet-TrailBlazer-India-Test-Drive-Review-e1442832290349.jpg,49,196,292,346,10
d4bec046-caac-4e59-bd05-44de2232d83b___2017-Skoda-Octavia-Front.jpg,208,355,156,195,10
6bf2730d-82bf-43ac-8802-b61315d85b96___2017-Skoda-Octavia-rear-high-revealed-for-India-images.jpg,104,281,229,288,10
504e7c29-e1dc-48c9-ace6-738cf934e368___2017-skoda-octavia-rs-12.jpg,281,443,188,237,10
7cd80882-17d0-419b-9e50-760c34338038___2017-Volkswagen-Passat-Spotted-Pune.jpg,382,522,397,442,10
18f2e55e-0724-4eee-a28e-5d552a5aa045___20455d0e2dca458f13fbf4da5a2dc118.jpg,148,287,182,234,10
23d775eb-842f-4f57-ad7a-affafa21660a___215453-new-2016-maruti-ertiga-granite-grey-zdi-shvs-highway-champion-img_8168.jpg,92,301,254,368,10
a9268f51-fbb4-42c2-b88c-f5ef9f8ead42___2266_7T4G0510.JPG,147,357,234,324,10
cbd81ff4-fc2a-4cd5-bed6-0fef4c456caa___226616d1495986750-zoomcar-review-mahindra-scorpio-s4-09-pamban.jpg,769,1121,725,844,10
e719f39b-e8dd-4fe0-9a41-71123932a486___226676869_4_1000x700_maruti-suzuki-wagon-r-duo-petrol-120000-kms-2007-year-cars_rev001.jpg,123,291,209,261,10
ea7090ee-ffa2-4812-9e7e-2098b1a538e6___23-500x500.jpg,6,495,10,245,10
712ecd95-753f-4d67-ae42-e8b5254e6e94___28iam53.jpg,35,192,195,272,10
6ed8b283-5cf5-4727-9969-c79f70f47e80___2-cars-same-numbers.jpg,62,175,132,190,10
e607d2c2-1c87-4188-be32-a96942816632___31-250x250.jpg,19,249,24,167,10
40204d5c-c847-4437-90db-3e2d05a27761___33.jpg,93,362,132,284,10
26d2b905-4055-41fe-a933-47db0e8a0a7f___37cba8c3f681f0cb5694f16a4c54aa7b.jpg,43,114,199,265,10
c03a7106-1fb9-471f-bbb0-2e8f4a29759a___38e7b1109eb976088e1df2f14ac4c08c.jpg,91,211,296,344,10
967ba4a0-eb8e-4734-aa09-c7143d0404b6___39720161008_150234.jpg,149,325,204,261,10
59a40238-6b01-4bb9-9faf-3b595e67bcb3___3d-font-number-plate-500x500.jpg,163,305,214,261,10
e53076d3-c3b7-47b8-8c63-30a08b8ad983___40213__Maruti_Suzuki_Swift--016.JPG,141,343,248,312,10
15e7c19f-da3c-4f0d-91f3-552afabc8961___41FxrEl7jHL.jpg,138,381,78,186,10
85bd88a0-ac9a-412e-ba44-2a29d209e212___4336_1466054535_9.jpg,161,295,183,230,10
e706cec0-783a-42bc-b934-64788481cd92___4-Innova-After-2.jpg,159,343,163,226,10
fac9f4e6-c4b9-4872-86da-79d58ea2adc5___5273.jpg,413,520,144,186,10
dfebb432-82cd-4154-b919-0d8be2c0d85a___5e4697c6f639f3f341b2feb170d72795af3fc998.jpg,145,325,200,250,10
b176b317-68a9-4c38-ac39-55e5244c9b9c___60653.jpg,453,826,110,242,10
581e2224-3640-4bad-9d90-c2076a9f64f4___617609.jpg,154,298,139,194,10
b15fe5a9-a8c3-498a-88d4-aee947949ae8___71927d1227088408-high-security-registration-plates-hsrp-india-dsc00161.jpg,559,848,457,541,10
3515f71d-cdd6-4050-ae68-7b7afd4c0a11___8.jpg,65,355,138,250,10
0369b20e-b432-4409-90f9-2420877aa386___8151536c79159a1557421da5f27f9f0e.jpg,335,472,305,367,10
6d69b523-72b7-4be9-a79f-428ef8148dcd___81auoS-H8eL._SX425_.jpg,94,360,47,222,10
dc8bb609-7086-431b-9c8b-9520975dabd2___822716205_6_1080x720_maruti-suzuki-ciaz-make-year-2014-petrol-.jpg,200,344,132,178,10
a2d49f53-4121-4627-b5d9-069f8b2f8490___840256171_1_1080x720_maruti-suzuki-wagon-r-vxi-with-abs-minor-2014-petrol-erode.jpg,103,258,209,276,10
10c96324-3452-43e2-aa68-c8ae7d3c1b6e___844874771_1_1080x720_maruti-suzuki-wagon-r-vxi-bs-iii-2014-petrol-.jpg,146,364,234,317,10
6f680368-4a15-464a-b314-7f9cd0f3db11___91852d1232463201-high-security-registration-plates-hsrp-india-num1.jpg,200,360,185,263,10
2af8ed43-b164-450f-983f-40166b36f4e8___96118762.JPG,784,1079,651,742,10
171198e7-0780-4930-9acb-482f338f457f___96118768.JPG,1010,1425,570,745,10
e69f33fd-730a-46f3-9d99-edde32847161___995920d1349421647-cappuccino-beige-czech-tank-here-my-skoda-laura-2-0-elegance-mt-20121005_121433.jpg,845,1592,804,981,10
1f0a7fe8-ac9b-4b54-9d55-e11f34f9f98b___9f6521b2ddb7b8e40ffd510966ffcca3.jpg,314,384,104,148,10
11ad2f1a-4cbd-4176-a4f5-3be001ec95a3___a4auto.com5140_.jpg,606,782,288,354,10
50dfc8ce-e3e0-4856-aeba-2dcdf0fc2bec___Alto-Eco-India-rear-2.jpg,151,303,354,426,10
c8a79e91-8c48-42d0-9b80-137fd033493c___automakers-number-plates-nitin-gadkari_827x510_61522653557.jpg,58,171,150,206,10
59e121dc-ebc6-4e4c-ba88-7fe04b569218___Autopsyches-Skoda-Laura-6.jpg,294,453,212,264,10
d0be15f3-4b3e-42f6-88d5-2a7fe4360dbe___Baleno-Number-Plates-Design.jpg,302,671,420,534,10
8e0b8c6f-850f-4918-983a-7fa110368d32___banner_.jpg,315,597,192,268,10
2302b12c-3d74-4d6c-b376-ba8ab308a8c3___big_215451_1320738450.jpg,123,221,117,170,10
f3d775e6-d7b3-4af0-91bd-8550b3bc177f___bike-ind-number-plates-color-black-250x250.jpg,26,214,64,148,10
351a22eb-bf0a-44d6-8b6d-5ffca753c261___bike-number-plate-500x500.jpg,101,258,117,191,10
60bd391b-484a-46e6-9032-c995f48eaf25___bike-number-plates-german-font-color-black-250x250.jpg,29,228,53,162,10
952e41c5-b741-4cfa-90cb-0961b7edf809___bike-number-plates-german-font-color-blue-250x250.jpg,21,227,56,154,10
e3f5fe39-d157-49fa-a0c9-b96ca1234a64___bike-scooter-number-plate-frame-rear-500x500.jpg,128,361,74,202,10
67c26428-55c5-4cc2-b556-6f4f61134d51___car-number-plate-india-peenya-1st-stage-bangalore-number-plate-manufacturers-56c3b.jpg,299,2342,190,716,10
4bf56b2a-a0e7-4769-bafb-8c73f2d5600d___DC-Design-Polo-Cove.jpg,315,459,184,221,10
2e23964b-ce59-4bcf-8c35-98f3a096a748___design-ind-number-plates-vijayanagar-bangalore-number-plate-dealers-2etqybj.jpg,12,697,107,400,10
88294212-f11c-46a7-a91a-04c9da19efa6___DSC_8221-L.jpg,230,327,187,249,10
d44f95e3-47df-415f-9359-cd2f1f27ad86___eecitm.jpg,39,316,37,190,10
747e99a2-540a-4c35-b7fd-3889d6d391f1___fancy_light__bike_number_plate.jpg,39,567,39,340,10
125b5cda-9691-47aa-8e57-f6d8a8537d83___fancy_number_plates_in_india.jpg,42,412,82,185,10
4d07a3ac-d373-4d27-9335-a3d32d19afcf___Funny-Bike-Number-Plate-AK56.jpg,21,412,170,399,10
5181fd64-3d1b-414d-b405-acb4c535c944___FZ163.jpg,53,743,178,325,10
39341d5e-4388-4c44-9faa-5173328eaa10___german-number-plate-punching-clapper-dies-supplier-500x500.jpg,22,499,50,362,10
c1d91c5e-128b-41d4-9f9d-ebfbef98b597___High_security_n15816.jpg,16,480,121,284,10
f8a992cc-a1cc-4d68-88c1-bec1a46fc148___Honda-City-Number-Plates-Design.jpg,186,381,350,418,10
fcabfaf7-160a-44bc-a543-9faee4c1c4cd___Honda-Jazz-Front-Number-Plates-Designs.jpg,48,599,74,188,10
7070d6ac-5425-4d33-a78e-a48c62d0fac5___Honda-Jazz-Number-Plate-Designs.jpg,115,522,126,326,10
e7a86597-7251-4e9b-9469-cd873fe6736f___Honda-Jazz-Number-Plates-Designs.jpg,161,433,116,249,10
074d85b8-42ec-4d17-9b8e-9e51ae060243___hqdefault.jpg,122,326,132,242,10
bcdc8b42-5dd4-48e2-8104-706440524bfe___hqdefault0.jpg,13,471,64,161,10
22dc6b5f-ff5d-4bb4-beb2-0f5fd9e75787___i10_Latest_Acrylic_Number_Plate.jpg,136,377,154,220,10
fe226788-616e-4c5c-8b3c-99dc7e7265cd___images5-500x500.jpg,27,429,37,130,10
a970d6e0-5948-4412-a1ec-67c5240722a8___images-gallery-misc4-250x250.jpg,6,220,33,124,10
bff789cd-2d58-4399-a55e-33be55f313e3___IMG_0472.jpg,267,499,322,411,10
a95a0d9d-5d40-4abb-bd3e-6c6d94bef5b1___IMG_3310.jpg,135,320,118,197,10
0c9ebe94-827d-4c74-9950-6816e70d1bab___IMG_8883.jpg,167,350,100,164,10
e1d7921f-5e58-46c7-b4f9-9fd4585508f1___IMG_9072.jpg,443,639,255,347,10
dfafd4ef-5592-41d9-9cbb-fa6a4e03831e___IMG_9082.jpg,192,608,55,209,10
6f78077e-a3a1-4fb9-89ba-5870d75ccdb8___Innova_Crysta_Car_Euro_number_Plates.jpg,156,299,97,154,10
b4eb91cd-3e77-40c2-bbe6-13d42f2ea4ba___INNOVA_Euro_Number_Plates.jpg,138,378,137,208,10
d48a0a29-8f29-4ced-b395-4c959aec7722___kejriwal.jpg,14,499,13,116,10
8c4371ee-a997-4b21-82c4-cb5e767c4d06___kia-sorento-spied-in-India.jpg,227,381,179,228,10
bd742e42-bacc-430e-b9aa-9df666f5d9b3___kicker-647_010517112446.jpg,195,305,197,257,10
07064c2c-2aa3-4419-91a4-92916de8e54c___mahindra-scorpio-old-car-500x500.jpg,204,357,269,379,10
af36405d-be93-4c8c-b1b2-5a0832535eeb___main-qimg-4caf07f4dfd9e2a2d279ddd54fb91986-c.jpg,107,255,153,206,10
2424211e-e6ba-4478-8ed1-6a04e25499c7___main-qimg-7673aeac86d0ef987deb837552c5dd4c-.jpg,128,307,282,321,10
c2feb2b7-fbb3-4e1e-ad48-cc8112a1ab3f___Maruti_R3_On_Test.jpg,155,328,201,274,10
175ff546-0679-4cbb-ab03-acfcd96877b7___Maruti_Wagon_R_Rear.jpg,179,395,262,337,10
41de2ad0-3785-488e-9f1f-75b76f446cc7___Maruti-Alto-K10-Photos-2.jpg,127,309,290,366,10
e204c50d-b861-4f68-827f-575351d150b4___Maruti-Baleno-RS-4.jpg,24,148,207,253,10
d9023f53-f90d-4b98-bd52-30796777ddcf___Maruti-Suzuki-Baleno-hatchback-56545.jpg,218,315,154,186,10
fd0140cc-e887-43b8-a439-24877ea77670___Maruti-Suzuki-Baleno-Number-Plates-Design.jpg,146,395,134,196,10
13ffaad4-a186-46bd-ae5d-924d1c8d7c50___maruti-suzuki-Baleno-RS-pics-48.jpg,638,749,337,387,10
fb939bb1-5257-4879-bafb-539472ffb73d___Maruti-Suzuki-Brezza-Number-Plates-Design.jpg,178,350,205,274,10
ec4bde57-11dd-4d59-96ae-b5d3b28afda5___Maruti-Suzuki-Celerio-Back-Number-Plates-Design.jpg,110,438,185,278,10
b78259be-7ef5-4499-b9a2-2b8a37660e8b___Maruti-Suzuki-Celerio-Front-Number-Plates-Design.jpg,316,714,277,386,10
49bdf0d9-4e64-41eb-9c19-eabdc4afb051___Maruti-Suzuki-Ciaz-Photos-30.JPG,189,357,130,182,10
377b225b-e978-4e7c-8e5e-f10d8effc336___Maruti-Suzuki-Ignis-Rear-view-94486.jpg,162,312,227,274,10
ed6ee171-691a-4563-a79d-4f47d8ce9f85___Maruti-Suzuki-SCross-Exterior-80675.jpg,115,415,258,333,10
1438b735-2d21-4879-8ed4-e5fa086e70c8___Maruti-Suzuki-Swift-Dzire-1.jpg,179,344,265,321,10
5747d3e8-4dd0-435f-942d-34b84f03344c___Maruti-Suzuki-Swift-Number-Plates-Design.jpg,139,342,241,314,10
e29b6eea-504a-4da2-8503-5bd3443f3bd8___maruti-suzuki-wagon-r-front-left-rim.jpg,94,200,96,141,10
ed9cd3b2-76a2-4cc8-9e4e-76d50ad1ff68___maruti-suzuki-wagon-r-hood-open-view.jpg,120,230,264,299,10
5a4780bf-d2af-4f19-a36b-65004cd06b3d___maruti-suzuki-wagon-r-rear-left-rim.jpg,91,178,138,170,10
bbf22d00-3dd6-4338-b701-264e0c0c0aff___Maruti-Swift-DZire-Photos-1.jpg,178,399,218,297,10
20dd73fd-9e05-4bdc-b380-d8148b194ae7___Maruti-Swift-Number-Plates-Design.jpg,315,878,280,392,10
3febea0e-53c0-4b30-880c-3061458b93ce___Maruti-Vitara-Brezza-rear-end-full-review.jpg,353,586,192,288,10
8ce02eb0-8924-4dbc-96f6-acadf6f9a618___maxresdefault0.jpg,63,291,127,224,10
f685e6cf-3a12-42ac-94d7-28cdf129b266___maxresdefault1.jpg,83,369,34,483,10
e663fa35-ce3c-401d-8451-30edd236b3e4___maxresdefault2.jpg,365,776,245,478,10
db4f467d-2d9e-4567-ab68-fce4a8689562___maxresdefault7.jpg,1017,1272,615,677,10
4e56220b-186d-46d2-8df9-bcde299c8732___motorcycle-number-plates-2583.jpg,259,326,214,263,10
c02b3989-8334-4cf7-b69c-bcd177e209d4___mqdefault.jpg,86,239,18,58,10
5cbd7465-ad12-4e6b-8eaf-d7056c3852f8___New-2018-Maruti-Suzuki-Swift-radiator-grille-600x398.jpg,341,510,229,314,10
c30a1535-9d8f-465e-a7f4-aa726f19f0b1___new-maruti-alto-k10-2_625x300_41414071192.jpg,233,427,371,430,10
d86f0bbc-91f6-4af9-9956-c305f98e515b___Number_plate_650.jpg,115,318,173,240,10
f2169fa5-fd71-4ba9-a2dc-e612784ec853___number2Bplate2Bdesigns2Bindia.jpg,18,320,34,158,10
4f86fbad-3a04-4c11-a8fa-e897727fc2c7___Number-plate-1.jpg,288,584,301,400,10
93b6ca4e-17cc-4b12-b7f5-66fb37c6107c___number-plate-factory-fitted1.jpg,219,434,141,197,10
304b14b8-dc3c-41cb-94b6-635864e2e964___number-plate-protector-car-safeplate-250x250.jpg,12,249,66,199,10
206c95ff-83b8-4273-b105-6637bf9a3038___numerix-number-plates-thodupuzha-idukki-number-plate-dealers-1lhwiga.jpg,555,1745,441,1079,10
ee7cffcb-cedd-444f-9d3b-42372ba30073___pimlico-plumbers-van-with-personalised-number-plate-london-B8MJAT.jpg,396,799,673,783,10
97285917-354c-4ea7-9c71-a818f1f640cf___product-500x500.jpg,16,495,8,134,10
d779f6f0-5731-48ed-bd43-836a3f7f2013___product-500x5000.jpg,221,431,122,184,10
62b58053-425c-4924-b129-c4a6580f3562___product-500x5001.jpg,209,448,83,160,10
8857d8b4-0f39-4f1b-ab31-48a1dc2db726___Pulsar-200-NS-Number-Plate.jpg,133,488,218,424,10
e354039f-d73c-4f12-9df5-f0129345fa79___scorpio.JPG,130,263,181,225,10
165eaa92-8e90-44e6-b132-8af462bae0c9___scorpio-rear.JPG,36,110,122,165,10
854d6a27-373f-450e-a6c9-0ade9c82c456___scorpio-stretch-seized_1451386843.jpg,240,319,263,322,10
c41652d9-19ae-4a7d-8423-230340ac30bc___Skoda_Laura_DSG_Long_Term_Review-125.jpg,389,600,450,509,10
d1301d79-7b27-479a-8c83-ed13fb848344___Skoda-1-insights-696x388.jpg,219,488,131,195,10
7616cb19-df24-4d29-b679-5252391a547f___Skoda-Laura-rear.jpg,285,497,252,320,10
f7621229-eebc-4dff-aef8-e79fac571be4___Skoda-Octavia-5.jpg,183,255,204,233,10
a285cdf6-4640-41ee-b3f3-b721f334466f___Skoda-Octavia-RS-launched-in-India-3.jpg,169,358,260,298,10
af270103-6ed4-4260-9d01-b8be2e2b9af1___skoda-rapid-1.5-tdi-dsg-review.jpg,100,259,148,208,10
ef2dc97f-bc6d-49a3-9ddb-03f54f3a20e7___Skoda-Rapid-new-Exterior-84398.jpg,206,351,272,324,10
f9e27b82-9e65-44ba-bf9a-b3ced8901937___Skoda-Superb-Exterior-deadfront-69204.jpg,197,405,186,234,10
af608b5e-07d6-4bcf-84d0-f0cba9e54e12___Skoda-Superb-Rear-Profile.jpg,232,355,178,224,10
d16041c1-831d-4cc9-8869-68be8b6e12d7___slider-new-2.jpg,787,1047,241,302,10
f16274c4-0d3d-4c85-9dcc-5ac71734b281___speedex-number-plates-nandanam-chennai-car-number-plate-dealers-1ofla74.jpg,166,572,200,354,10
254b647f-4cb3-46c3-a206-4e70041f4c78___speedex-number-plates-nandanam-chennai-car-number-plate-dealers-33nu2i6.jpg,115,227,86,116,10
69b56ab9-accd-4c67-aa7a-a884c018e5ab___speedex-number-plates-nandanam-chennai-car-number-plate-dealers-3zh7n2s.jpg,333,646,934,1062,10
684f079f-6085-420c-8e4e-e1aed270fc05___Toyota-Fortuner-Number-Plates-Design.jpg,534,778,381,473,10
ad65d729-1bf7-408c-b991-f3e329f17aab___two-wheeler-number-plate-250x250.jpg,3,250,22,189,10
21cc678a-b9c5-4bbb-ace0-9e096e799632___unnamed-300x225.jpg,88,136,99,128,10
aff1f53b-3259-44f0-9718-05fb64dc8ba1___Untitle.jpg,80,198,126,184,10
26cfb3dd-3731-4fd0-a6c2-c44e3ce7498a___used_cars_in_keralaused_bikes_in_keralaautomotive_news7.jpg,157,338,268,338,10
102ac1fb-f4e7-4d48-ab76-1f30a46c1135___Uttar-PradeshAkhileshYadavnumberplate.jpg,112,232,124,194,10
41209caa-2aa2-4003-b057-e0508c1d5ac9___Volkswagen-Ameo-Exterior-68165.jpg,195,280,199,234,10
a508ecb5-bfdd-46ba-8640-bb827b7c089c___Volkswagen-Polo.jpg,560,670,206,250,10
6cd15e75-3e26-41f2-a6aa-b1b58dec1c48___volkswagen-polo-exquisite-limited-edition-m1_720x540.jpg,20,100,244,319,10
52abe2c4-fde3-45b2-beec-f070e6ed98c7___Volkswagen-Vento-Rear-view-46765.jpg,250,375,187,234,10
ca18d733-ec53-49d9-87aa-a9f6c52cc7bb___VW-Polo-GT-TSI-badge-on-the-grille.jpg,99,409,205,311,10
8906af57-0d29-417d-ac46-408425527b57___VW-Vento-TDI-CNG-Spy-Pic-2.jpg,244,377,229,304,10
bb210ab4-795c-4b2b-9b6e-4597cbc67375___White-2BPlate.jpg,160,285,211,263,10
11832b13-d514-4f1d-967c-d00e76d21e9b___Yellow-Number-Plate-With-Black-Lettering.jpg,100,268,156,217,10
5345a45f-8d1b-4984-b5ee-a69fc4cbda6a___new__bd7f7862-d727-11e7-ad30-e18a56154311.jpg,363,435,166,202,10
4b669e6d-4eec-4f46-b502-f64ee0175947___new_.jpg,138,451,66,155,10
07bd977e-d578-49a2-b345-7cee5a4db6bf___new_1031520d1356604430-skoda-rapid-joins-family-edit-sold-wp_000281.jpg,154,377,196,259,10
9ea92991-8fdf-4b46-aea1-bf08ecff247c___new_1107433d1373284570-my-modded-skoda-rapid-now-166-bhp-351-nm-119-whp-per-tonne-hdr_00005_normal.jpg,56,265,220,289,10
acd85f93-544d-494e-b2f3-2d445937bb0b___new_1431956d1446017445-number-plates-merchandise-canvas-ink-gurgaon-edit-closed-thumb_img_4418_1024.jpg,131,405,104,226,10
2adfb5e7-e70a-4749-b5fa-8c233c0d47d9___new_1572920d1478091901-your-favourite-number-plate-font-jetta-german-font.jpg,157,382,89,160,10
b9467810-4022-4cf5-87e7-fed0d63c8e2f___new_1658240d1500548920-close-look-2017-skoda-octavia-facelift-hands-free-parking-front-bumper.jpg,144,348,113,199,10
730a2f83-cd53-4943-8922-af9d4fcad415___new_.jpg,124,400,110,207,10
d1115e64-987f-4a72-b9bb-853f67ca37b6___new_2014-Volkswagen-Polo-Review.jpg,143,339,244,321,10
cf011553-f802-4b11-99ec-6e03d731b646___new_2014-VW-Polo-facelift-spied-India-rear.jpg,184,389,305,370,10
d3d2cbaa-f24a-4cb7-a236-53fa514816b4___new_2017-Skoda-Rapid-Diesel-DSG-Review-6.jpg,237,387,101,162,10
e77e5db3-2bc6-4223-a258-2334256be65e___new_205356-maruti-swift-torque-blue-vdi-ddis-glistening-rockstar-enters-home-img_7531.jpg,111,391,116,211,10
936623d4-b47c-4da7-ab2e-6ac3cc63f861___new_216279d1481352986-silver-venom-mahindra-scorpio-s4-2016-ownership-review-wp_20161122_11_19_00_pro.jpg,180,380,115,188,10
4434b404-dd10-4150-b226-b76b6ef95e43___new_224489195_8_1000x700_skoda-superb-2010-.jpg,140,328,155,212,10
c48f8704-bc40-462a-a595-445b2f2e63fe___new_77cca4b6f3864b3928824a030ba101d2.jpg,55,194,190,238,10
fbc107b7-13d8-4a2d-b8be-7c96bd7d609c___new_9214a754343030395508e104d7948167_large.jpg,93,298,332,406,10
78a85f8b-de01-4036-ae91-2a1fa48bcf9f___new_995920d1349421647-cappuccino-beige-czech-tank-here-my-skoda-laura-2-0-elegance-mt-20121005_121433.jpg,141,351,221,273,10
0073797c-a755-4972-b76b-8ef2b31d44ab___new_IMG_20160315_071740.jpg,136,348,196,278,10
b3e82163-400b-4211-bb99-a5b53fb13a25___new_IMG_8883.jpg,24,187,36,104,10
7f369852-27b9-4141-8c48-9e88b20743a6___new_Mahindra-Scorpio-Taillamps-Night.JPG,143,402,206,273,10
a34aeb21-ffe8-4357-80d3-8f212c62c816___new_main_cropped.jpg,186,363,98,155,10
51d58875-0bdc-4488-84d9-8b7ad5883863___new_Maruti-Suzuki-Ignis-Rear-view-94486.jpg,100,218,143,194,10
b117ba53-d563-49c2-806b-343666616815___new_Maruti-Suzuki-recalls-75419-Baleno-cars-1961-DZire-cars-only-AGS-variant-Motown-India-Bureau-2-810.jpg,109,235,106,162,10
97846647-16f1-4ee2-b260-60774a21cc74___new_Maruti-Suzuki-Swift-Dzire-1.jpg,102,262,134,200,10
9f7c7dce-f9c9-4c95-a053-8f16e6e99466___new_new-maruti-alto-k10-2_625x300_41414071192.jpg,140,324,149,220,10
347c849b-6cfa-4edb-af1f-b29bdad25c4d___new_New-Volkswagen-Polo.jpg,13,147,117,186,10
fc1f58f0-2f54-4545-8915-2936d08dcce1___new_Skoda_Laura_DSG_Long_Term_Review-125.jpg,172,353,223,285,10
7073bd18-c0bf-47da-9e43-8c9d27831f11___new_Skoda-Laura-rear.jpg,184,308,151,206,10
5c85a40f-ce81-44b4-82b2-dfdac281217d___new_Skoda-Octavia-1.8-TSI-5.jpg,167,314,202,255,10
89d26be7-258a-4470-b0fe-d1df57b20d55___new_Skoda-Octavia-5.jpg,173,259,199,238,10
07e787a7-6cc3-482c-9ce5-f0ce115b47f1___new_VW-Polo-GT-TSI-badges-on-the-boot-lid.jpg,16,367,19,126,10
